Data,Nivel_Real,Nivel_Previsto,Erro,Erro_Absoluto
2023-02-22,3.6401064,3.4698045,-0.17030191,0.17030191
2023-02-23,3.63414,3.4434702,-0.19066978,0.19066978
2023-02-24,3.509095,3.414474,-0.09462094,0.09462094
2023-02-25,3.2891643,3.2682042,-0.020960093,0.020960093
2023-02-26,3.1753457,3.0420933,-0.13325238,0.13325238
2023-02-27,3.1384704,3.0166965,-0.12177396,0.12177396
2023-02-28,3.0668738,2.961159,-0.1057148,0.1057148
2023-03-01,3.0413978,2.9560375,-0.08536029,0.08536029
2023-03-02,2.9915419,2.9846995,-0.006842375,0.006842375
2023-03-03,2.933098,2.866088,-0.067010164,0.067010164
2023-03-04,2.891035,2.8979971,0.006962061,0.006962061
2023-03-05,2.8743243,2.7769904,-0.09733391,0.09733391
2023-03-06,2.8398895,2.7738137,-0.0660758,0.0660758
2023-03-07,2.7962196,2.7436483,-0.052571297,0.052571297
2023-03-08,2.764133,2.7544508,-0.0096821785,0.0096821785
2023-03-09,2.7430658,2.68894,-0.054125786,0.054125786
2023-03-10,2.6935046,2.734035,0.040530443,0.040530443
2023-03-11,2.6663995,2.6978402,0.031440735,0.031440735
2023-03-12,2.6764038,2.6440322,-0.03237152,0.03237152
2023-03-13,2.6764095,2.6505775,-0.025831938,0.025831938
2023-03-14,2.63057,2.6737385,0.043168545,0.043168545
2023-03-15,2.6184752,2.6000686,-0.01840663,0.01840663
2023-03-16,2.678513,2.585477,-0.09303594,0.09303594
2023-03-17,2.7777576,2.63015,-0.14760756,0.14760756
2023-03-18,2.783662,2.7062347,-0.07742739,0.07742739
2023-03-19,2.7775435,2.7642417,-0.013301849,0.013301849
2023-03-20,2.6743374,2.6935422,0.019204855,0.019204855
2023-03-21,2.6254864,2.6066427,-0.01884365,0.01884365
2023-03-22,2.638571,2.5588253,-0.07974577,0.07974577
2023-03-23,2.6516554,2.560359,-0.091296434,0.091296434
2023-03-24,2.5144029,2.5644417,0.050038815,0.050038815
2023-03-25,2.6309543,2.4810052,-0.14994907,0.14994907
2023-03-26,2.599554,2.562936,-0.036617994,0.036617994
2023-03-27,2.5680547,2.5718727,0.0038180351,0.0038180351
2023-03-28,2.42437,2.5257478,0.101377726,0.101377726
2023-03-29,2.3339167,2.4084709,0.074554205,0.074554205
2023-03-30,2.4217935,2.354092,-0.06770158,0.06770158
2023-03-31,2.436688,2.4449985,0.008310556,0.008310556
2023-04-01,2.560535,2.4494162,-0.11111879,0.11111879
2023-04-02,2.5823987,2.5298438,-0.052554846,0.052554846
2023-04-03,2.44671,2.5351934,0.08848333,0.08848333
2023-04-04,2.4502876,2.424463,-0.025824547,0.025824547
2023-04-05,2.4161987,2.4368227,0.020623922,0.020623922
2023-04-06,2.4558039,2.3778427,-0.07796121,0.07796121
2023-04-07,2.4144244,2.4444518,0.03002739,0.03002739
2023-04-08,2.3124938,2.3919148,0.07942104,0.07942104
2023-04-09,2.2830288,2.3101537,0.027124882,0.027124882
2023-04-10,2.3469267,2.299984,-0.04694271,0.04694271
2023-04-11,2.778315,2.319353,-0.45896196,0.45896196
2023-04-12,2.8671076,2.6899076,-0.17720008,0.17720008
2023-04-13,2.735172,2.7817745,0.046602488,0.046602488
2023-04-14,2.6527815,2.6878781,0.035096645,0.035096645
2023-04-15,2.586543,2.603213,0.016669989,0.016669989
2023-04-16,2.5360148,2.527385,-0.008629799,0.008629799
2023-04-17,2.6567974,2.4484606,-0.20833683,0.20833683
2023-04-18,2.9913929,2.61317,-0.37822294,0.37822294
2023-04-19,2.8916228,2.8203404,-0.07128239,0.07128239
2023-04-20,2.7068331,2.7963467,0.08951354,0.08951354
2023-04-21,2.540746,2.6859207,0.14517474,0.14517474
2023-04-22,2.5090747,2.5169744,0.007899761,0.007899761
2023-04-23,2.4678242,2.5043743,0.036550045,0.036550045
2023-04-24,2.4061887,2.4206371,0.014448404,0.014448404
2023-04-25,2.3961444,2.3903172,-0.0058271885,0.0058271885
2023-04-26,2.3958855,2.3764453,-0.019440174,0.019440174
2023-04-27,2.3854074,2.375524,-0.009883404,0.009883404
2023-04-28,2.381127,2.3416853,-0.039441824,0.039441824
2023-04-29,2.3576589,2.3995094,0.041850567,0.041850567
2023-04-30,2.46057,2.3788006,-0.08176947,0.08176947
2023-05-01,2.638058,2.4434628,-0.1945951,0.1945951
2023-05-02,2.8540041,2.6955307,-0.15847349,0.15847349
2023-05-03,2.729359,2.7435088,0.014149904,0.014149904
2023-05-04,2.5768762,2.6234632,0.04658699,0.04658699
2023-05-05,2.5355628,2.5623703,0.026807547,0.026807547
2023-05-06,2.5378919,2.4959307,-0.041961193,0.041961193
2023-05-07,2.508461,2.536097,0.027636051,0.027636051
2023-05-08,2.4053771,2.506261,0.10088396,0.10088396
2023-05-09,2.348416,2.4270399,0.07862377,0.07862377
2023-05-10,2.3319986,2.3369846,0.0049860477,0.0049860477
2023-05-11,2.3031812,2.3404653,0.037284136,0.037284136
2023-05-12,2.3005257,2.3041992,0.0036735535,0.0036735535
2023-05-13,2.3125002,2.2944245,-0.018075705,0.018075705
2023-05-14,2.3242867,2.3036528,-0.020633936,0.020633936
2023-05-15,2.35785,2.3197258,-0.038124323,0.038124323
2023-05-16,2.330521,2.3332222,0.002701044,0.002701044
2023-05-17,2.3071537,2.2844462,-0.022707462,0.022707462
2023-05-18,2.2896228,2.2782052,-0.011417627,0.011417627
2023-05-19,2.273046,2.288741,0.015695095,0.015695095
2023-05-20,2.2446525,2.2754931,0.030840635,0.030840635
2023-05-21,2.1671295,2.2521522,0.08502269,0.08502269
2023-05-22,2.163317,2.1743631,0.011046171,0.011046171
2023-05-23,2.1834724,2.149635,-0.03383732,0.03383732
2023-05-24,2.1889467,2.1795354,-0.009411335,0.009411335
2023-05-25,2.1842225,2.1963563,0.012133837,0.012133837
2023-05-26,2.157549,2.1878557,0.030306816,0.030306816
2023-05-27,2.148957,2.1705303,0.021573305,0.021573305
2023-05-28,2.1878128,2.1604774,-0.027335405,0.027335405
2023-05-29,2.1874158,2.1515038,-0.035912037,0.035912037
2023-05-30,2.2010074,2.1364832,-0.064524174,0.064524174
2023-05-31,2.1778977,2.1435401,-0.034357548,0.034357548
2023-06-01,2.1742818,2.122295,-0.051986933,0.051986933
2023-06-02,2.1942487,2.1327941,-0.061454535,0.061454535
2023-06-03,2.1664197,2.1717536,0.0053339005,0.0053339005
2023-06-04,2.1790037,2.166675,-0.012328625,0.012328625
2023-06-05,2.1643686,2.187206,0.0228374,0.0228374
2023-06-06,2.1261868,2.1470184,0.020831585,0.020831585
2023-06-07,2.1410823,2.1288862,-0.012196064,0.012196064
2023-06-08,2.1530683,2.1261163,-0.026952028,0.026952028
2023-06-09,2.1571107,2.1574159,0.00030517578,0.00030517578
2023-06-10,2.057969,2.1381354,0.08016634,0.08016634
2023-06-11,2.0847678,2.0804126,-0.004355192,0.004355192
2023-06-12,2.1005847,2.0772235,-0.023361206,0.023361206
2023-06-13,2.1584458,2.091962,-0.066483736,0.066483736
2023-06-14,2.0973113,2.11666,0.01934886,0.01934886
2023-06-15,2.0784883,2.1131144,0.034626007,0.034626007
2023-06-16,2.0989172,2.0691729,-0.029744387,0.029744387
2023-06-17,2.0567565,2.0805762,0.023819685,0.023819685
2023-06-18,2.0770671,2.073703,-0.0033640862,0.0033640862
2023-06-19,2.0078182,2.073862,0.066043854,0.066043854
2023-06-20,2.0980175,2.0330226,-0.06499481,0.06499481
2023-06-21,2.0975747,2.0722842,-0.02529049,0.02529049
2023-06-22,2.1228561,2.091951,-0.030905247,0.030905247
2023-06-23,2.146902,2.1067743,-0.040127754,0.040127754
2023-06-24,2.137364,2.1179872,-0.019376755,0.019376755
2023-06-25,2.080749,2.1095688,0.0288198,0.0288198
2023-06-26,2.0565245,2.0721698,0.015645266,0.015645266
2023-06-27,2.0470672,2.040425,-0.006642103,0.006642103
2023-06-28,2.0499868,2.035307,-0.014679909,0.014679909
2023-06-29,2.052996,2.0300953,-0.022900581,0.022900581
2023-06-30,2.0689883,2.0389354,-0.0300529,0.0300529
2023-07-01,2.0596657,2.0625932,0.0029275417,0.0029275417
2023-07-02,2.0401282,2.039998,-0.00013017654,0.00013017654
2023-07-03,2.0281003,2.020611,-0.0074892044,0.0074892044
2023-07-04,2.0196886,2.0460398,0.026351213,0.026351213
2023-07-05,1.9834232,2.0590072,0.075583935,0.075583935
2023-07-06,1.9812162,2.0041034,0.02288723,0.02288723
2023-07-07,2.0049646,1.9737736,-0.031190991,0.031190991
2023-07-08,1.9915711,1.9975145,0.0059434175,0.0059434175
2023-07-09,1.993487,2.0214818,0.027994752,0.027994752
2023-07-10,1.9886957,2.0114431,0.022747397,0.022747397
2023-07-11,1.9868381,1.9786242,-0.008213878,0.008213878
2023-07-12,1.9932401,1.9699963,-0.023243785,0.023243785
2023-07-13,1.9926074,1.9426016,-0.050005794,0.050005794
2023-07-14,1.9798901,1.9547911,-0.02509904,0.02509904
2023-07-15,1.9700118,1.9657786,-0.004233241,0.004233241
2023-07-16,1.9748065,1.9603676,-0.014438987,0.014438987
2023-07-17,1.973776,1.9625603,-0.011215687,0.011215687
2023-07-18,1.965539,1.9690988,0.0035598278,0.0035598278
2023-07-19,1.9605749,1.9656603,0.0050854683,0.0050854683
2023-07-20,1.9586998,1.9513296,-0.0073702335,0.0073702335
2023-07-21,1.9593954,1.956539,-0.0028563738,0.0028563738
2023-07-22,1.9519329,1.9621499,0.010216951,0.010216951
2023-07-23,1.963131,1.9606657,-0.002465248,0.002465248
2023-07-24,1.9645863,1.9703418,0.0057555437,0.0057555437
2023-07-25,1.9500335,1.9768425,0.026808977,0.026808977
2023-07-26,1.9810958,1.9640844,-0.017011404,0.017011404
2023-07-27,2.042965,2.002494,-0.04047084,0.04047084
2023-07-28,2.0416272,2.0443828,0.002755642,0.002755642
2023-07-29,2.0784025,2.0627856,-0.015616894,0.015616894
2023-07-30,2.1491344,2.0910666,-0.0580678,0.0580678
2023-07-31,2.1971347,2.129179,-0.06795573,0.06795573
2023-08-01,2.0901535,2.1439028,0.053749323,0.053749323
2023-08-02,2.0018415,2.0341709,0.03232932,0.03232932
2023-08-03,1.995628,2.0512128,0.05558479,0.05558479
2023-08-04,1.9675727,2.0697992,0.102226496,0.102226496
2023-08-05,1.8931127,2.0064352,0.1133225,0.1133225
2023-08-06,1.8490235,1.9114721,0.06244862,0.06244862
2023-08-07,1.8682008,1.8702726,0.0020718575,0.0020718575
2023-08-08,1.8227957,1.8692198,0.04642403,0.04642403
2023-08-09,1.8124409,1.8735933,0.06115246,0.06115246
2023-08-10,1.8225397,1.8339024,0.011362672,0.011362672
2023-08-11,1.8265069,1.8441046,0.017597795,0.017597795
2023-08-12,1.7975339,1.84028,0.042746186,0.042746186
2023-08-13,1.8158748,1.8125044,-0.0033704042,0.0033704042
2023-08-14,1.7910789,1.8198972,0.02881825,0.02881825
2023-08-15,1.8032076,1.8118991,0.00869143,0.00869143
2023-08-16,1.8240106,1.822979,-0.0010316372,0.0010316372
2023-08-17,1.775625,1.8361739,0.0605489,0.0605489
2023-08-18,1.8019987,1.8203148,0.01831603,0.01831603
2023-08-19,1.7888755,1.8215597,0.032684207,0.032684207
2023-08-20,1.7578459,1.8215033,0.0636574,0.0636574
2023-08-21,1.8167127,1.8110679,-0.0056447983,0.0056447983
2023-08-22,1.8820829,1.849838,-0.03224492,0.03224492
2023-08-23,1.8922905,1.8894501,-0.0028403997,0.0028403997
2023-08-24,1.89495,1.9231068,0.028156757,0.028156757
2023-08-25,1.8508499,1.9120082,0.0611583,0.0611583
2023-08-26,1.9095638,1.8586048,-0.05095899,0.05095899
2023-08-27,1.9195802,1.8816819,-0.037898302,0.037898302
2023-08-28,1.9519246,1.92706,-0.024864554,0.024864554
2023-08-29,2.032734,2.0018234,-0.030910492,0.030910492
2023-08-30,2.1981697,2.0886567,-0.109513044,0.109513044
2023-08-31,2.1506143,2.1846042,0.033989906,0.033989906
2023-09-01,2.13796,2.1684446,0.030484676,0.030484676
2023-09-02,2.124148,2.106,-0.018147945,0.018147945
2023-09-03,2.1252735,2.0557253,-0.06954813,0.06954813
2023-09-04,2.043985,2.0939305,0.049945593,0.049945593
2023-09-05,1.9592938,2.0601616,0.10086775,0.10086775
2023-09-06,1.9429421,1.9574792,0.014537096,0.014537096
2023-09-07,1.8846227,1.9062961,0.021673441,0.021673441
2023-09-08,1.9234456,1.8737712,-0.04967439,0.04967439
2023-09-09,1.8930249,1.9445796,0.05155468,0.05155468
2023-09-10,1.8677849,1.9193809,0.051596045,0.051596045
2023-09-11,1.8480848,1.8769859,0.0289011,0.0289011
2023-09-12,1.8805656,1.8557183,-0.024847388,0.024847388
2023-09-13,1.869568,1.8692539,-0.00031411648,0.00031411648
2023-09-14,1.831301,1.8562361,0.024935126,0.024935126
2023-09-15,1.7856529,1.8212849,0.035632014,0.035632014
2023-09-16,1.7627656,1.7934749,0.030709267,0.030709267
2023-09-17,1.7179903,1.7834735,0.06548321,0.06548321
2023-09-18,1.6756414,1.7460561,0.07041466,0.07041466
2023-09-19,1.6540347,1.6997511,0.045716405,0.045716405
2023-09-20,1.770573,1.6920483,-0.07852471,0.07852471
2023-09-21,1.7485663,1.7694317,0.02086544,0.02086544
2023-09-22,1.7124234,1.754541,0.042117596,0.042117596
2023-09-23,1.745731,1.7347383,-0.010992646,0.010992646
2023-09-24,1.7103255,1.7448208,0.034495354,0.034495354
2023-09-25,1.682611,1.7239197,0.04130876,0.04130876
2023-09-26,1.6792854,1.6937362,0.0144507885,0.0144507885
2023-09-27,1.700428,1.6775886,-0.022839427,0.022839427
2023-09-28,1.7125764,1.6686438,-0.043932557,0.043932557
2023-09-29,1.6320608,1.6591876,0.02712679,0.02712679
2023-09-30,1.5999095,1.6769649,0.077055335,0.077055335
2023-10-01,1.5653104,1.6521363,0.08682597,0.08682597
2023-10-02,1.6318595,1.6156802,-0.016179323,0.016179323
2023-10-03,1.6726606,1.6815253,0.00886476,0.00886476
2023-10-04,1.7650616,1.6733949,-0.0916667,0.0916667
2023-10-05,1.8,1.7504805,-0.04951942,0.04951942
2023-10-06,1.9038736,1.768987,-0.1348865,0.1348865
2023-10-07,1.9248215,1.8477286,-0.077092886,0.077092886
2023-10-08,1.9212482,1.892827,-0.028421164,0.028421164
2023-10-09,1.8288896,1.9174947,0.088605046,0.088605046
2023-10-10,1.8216944,1.8297364,0.008041978,0.008041978
2023-10-11,1.9147271,1.8095824,-0.10514474,0.10514474
2023-10-12,1.9530591,1.8761256,-0.0769335,0.0769335
2023-10-13,1.8208278,1.9240829,0.10325503,0.10325503
2023-10-14,1.750228,1.8357524,0.08552432,0.08552432
2023-10-15,1.658909,1.7811224,0.12221348,0.12221348
2023-10-16,1.709765,1.7059103,-0.0038546324,0.0038546324
2023-10-17,1.7007673,1.7944807,0.0937134,0.0937134
2023-10-18,1.6045705,1.738161,0.13359046,0.13359046
2023-10-19,1.6283336,1.6883361,0.060002565,0.060002565
2023-10-20,1.5916053,1.6883296,0.09672427,0.09672427
2023-10-21,1.6413394,1.6662202,0.024880767,0.024880767
2023-10-22,1.7002459,1.712058,0.011812091,0.011812091
2023-10-23,1.7169437,1.7694442,0.052500486,0.052500486
2023-10-24,1.6842227,1.771051,0.08682835,0.08682835
2023-10-25,1.6799582,1.7382084,0.05825019,0.05825019
2023-10-26,1.6814674,1.7149454,0.03347802,0.03347802
2023-10-27,1.6820445,1.6738765,-0.008167982,0.008167982
2023-10-28,1.730444,1.6961267,-0.034317255,0.034317255
2023-10-29,1.8346276,1.8162683,-0.018359303,0.018359303
2023-10-30,2.1185532,1.9435018,-0.17505133,0.17505133
2023-10-31,2.0629454,2.2382731,0.17532778,0.17532778
2023-11-01,2.1622555,2.361932,0.19967651,0.19967651
2023-11-02,2.8633792,2.330974,-0.53240514,0.53240514
2023-11-03,3.4319541,2.9469252,-0.48502898,0.48502898
2023-11-04,3.3168378,3.4247644,0.10792661,0.10792661
2023-11-05,2.9662316,3.2330325,0.26680088,0.26680088
2023-11-06,2.7974966,2.8613904,0.063893795,0.063893795
2023-11-07,2.5863223,2.6915493,0.10522699,0.10522699
2023-11-08,2.420483,2.5523715,0.13188839,0.13188839
2023-11-09,2.3569648,2.449803,0.09283829,0.09283829
2023-11-10,2.1911767,2.3568058,0.16562915,0.16562915
2023-11-11,2.067892,2.1571143,0.08922219,0.08922219
2023-11-12,1.9648058,2.075225,0.11041927,0.11041927
2023-11-13,1.8684093,1.9747133,0.10630405,0.10630405
2023-11-14,1.8117316,1.8734365,0.061704874,0.061704874
2023-11-15,1.7282802,1.8243198,0.09603965,0.09603965
2023-11-16,1.6589797,1.7948707,0.13589108,0.13589108
2023-11-17,1.4976621,1.693539,0.19587696,0.19587696
2023-11-18,1.469181,1.4967772,0.027596235,0.027596235
2023-11-19,1.6689495,1.5389242,-0.13002527,0.13002527
2023-11-20,1.6370426,1.8089582,0.17191553,0.17191553
2023-11-21,1.7007465,1.7961888,0.095442295,0.095442295
2023-11-22,1.914897,1.8823688,-0.032528162,0.032528162
2023-11-23,2.207072,2.0951204,-0.11195159,0.11195159
2023-11-24,2.2604396,2.3229334,0.0624938,0.0624938
2023-11-25,2.034582,2.411166,0.37658405,0.37658405
2023-11-26,2.18412,2.2261488,0.042028904,0.042028904
2023-11-27,1.9915069,2.2533712,0.2618643,0.2618643
2023-11-28,1.9605457,2.0202763,0.05973065,0.05973065
2023-11-29,1.8896295,1.9796972,0.090067744,0.090067744
2023-11-30,1.744213,1.8707602,0.12654722,0.12654722
2023-12-01,1.6142181,1.7077298,0.0935117,0.0935117
2023-12-02,1.6775471,1.7581899,0.08064282,0.08064282
2023-12-03,1.7619148,1.7692598,0.007344961,0.007344961
2023-12-04,1.7112068,1.9302415,0.21903467,0.21903467
2023-12-05,1.7856766,1.8271763,0.041499734,0.041499734
2023-12-06,1.7913285,1.86183,0.07050145,0.07050145
2023-12-07,1.9054037,1.8498762,-0.055527568,0.055527568
2023-12-08,1.9618622,2.0002894,0.038427234,0.038427234
2023-12-09,2.036598,2.0125608,-0.024037123,0.024037123
2023-12-10,1.9109896,2.118962,0.2079724,0.2079724
2023-12-11,1.8838696,1.927115,0.043245316,0.043245316
2023-12-12,1.8938599,1.8893299,-0.004529953,0.004529953
2023-12-13,1.9181851,1.8995218,-0.018663287,0.018663287
2023-12-14,1.8569849,1.9186307,0.061645865,0.061645865
2023-12-15,1.920264,1.8981485,-0.022115469,0.022115469
2023-12-16,1.980611,1.9946613,0.0140503645,0.0140503645
2023-12-17,1.9549619,1.9801556,0.025193691,0.025193691
2023-12-18,1.874501,1.9469678,0.07246685,0.07246685
2023-12-19,1.8398142,1.8769898,0.037175655,0.037175655
2023-12-20,1.7843359,1.8854771,0.101141214,0.101141214
2023-12-21,1.7502315,1.8218987,0.071667194,0.071667194
2023-12-22,1.7166626,1.7953075,0.07864487,0.07864487
2023-12-23,1.7925103,1.802203,0.009692788,0.009692788
2023-12-24,1.8804659,1.9027288,0.02226293,0.02226293
2023-12-25,2.007511,2.0258462,0.018335342,0.018335342
2023-12-26,2.0692873,2.1268651,0.05757785,0.05757785
2023-12-27,2.0936024,2.16672,0.073117495,0.073117495
2023-12-28,2.259836,2.2295415,-0.030294418,0.030294418
2023-12-29,2.6310422,2.3779466,-0.25309563,0.25309563
2023-12-30,2.4469159,2.7837553,0.33683944,0.33683944
2023-12-31,2.226599,2.457909,0.23131013,0.23131013
2024-01-01,2.0892603,2.20277,0.113509655,0.113509655
2024-01-02,2.1738274,2.0432923,-0.13053513,0.13053513
2024-01-03,2.2192106,2.4966078,0.27739716,0.27739716
2024-01-04,2.2935605,2.3436825,0.050122023,0.050122023
2024-01-05,2.7425303,2.5066946,-0.23583579,0.23583579
2024-01-06,3.5940044,2.776517,-0.8174875,0.8174875
2024-01-07,4.427693,3.790683,-0.63700986,0.63700986
2024-01-08,4.333479,4.3531632,0.019684315,0.019684315
2024-01-09,3.910152,4.2785435,0.3683915,0.3683915
2024-01-10,3.1609814,3.7706404,0.60965896,0.60965896
2024-01-11,2.8845258,2.875071,-0.009454727,0.009454727
2024-01-12,2.8034463,2.6855452,-0.11790109,0.11790109
2024-01-13,2.7018337,2.7989624,0.09712863,0.09712863
2024-01-14,2.6513467,2.716126,0.06477928,0.06477928
2024-01-15,2.7650242,2.7540543,-0.010969877,0.010969877
2024-01-16,3.3704972,2.8826272,-0.48786998,0.48786998
2024-01-17,3.5623293,3.478666,-0.083663225,0.083663225
2024-01-18,3.3358588,3.4461052,0.11024642,0.11024642
2024-01-19,3.0002737,3.1722388,0.17196512,0.17196512
2024-01-20,2.7451632,2.8644507,0.11928749,0.11928749
2024-01-21,2.5251074,2.5960867,0.07097936,0.07097936
2024-01-22,2.4454417,2.4837973,0.03835559,0.03835559
2024-01-23,2.6021793,2.483993,-0.118186235,0.118186235
2024-01-24,2.8906772,2.8303096,-0.060367584,0.060367584
2024-01-25,2.8625028,3.3083165,0.44581366,0.44581366
2024-01-26,4.2964544,3.1532607,-1.1431937,1.1431937
2024-01-27,4.3472342,5.222616,0.87538195,0.87538195
2024-01-28,4.0442176,4.463923,0.4197054,0.4197054
2024-01-29,3.8243747,4.516479,0.69210434,0.69210434
2024-01-30,3.384075,3.8020773,0.41800237,0.41800237
2024-01-31,3.3397064,3.70937,0.36966348,0.36966348
2024-02-01,3.3858213,3.490312,0.10449076,0.10449076
2024-02-02,3.2078028,3.7426164,0.53481364,0.53481364
2024-02-03,3.0399022,3.1315088,0.09160662,0.09160662
2024-02-04,3.1043818,3.0499983,-0.054383516,0.054383516
2024-02-05,3.2770283,3.138948,-0.13808036,0.13808036
2024-02-06,2.9233713,3.4257615,0.50239015,0.50239015
2024-02-07,2.6704707,2.8945553,0.22408462,0.22408462
2024-02-08,2.662002,2.6438518,-0.01815033,0.01815033
2024-02-09,2.6848094,2.6396606,-0.04514885,0.04514885
2024-02-10,2.8530726,2.753668,-0.09940457,0.09940457
2024-02-11,2.8808193,2.7977312,-0.08308816,0.08308816
2024-02-12,2.8493261,2.8996499,0.050323725,0.050323725
2024-02-13,2.6340353,2.8162398,0.18220448,0.18220448
2024-02-14,2.5292566,2.5476034,0.018346786,0.018346786
2024-02-15,2.3480892,2.5186248,0.17053556,0.17053556
2024-02-16,2.2951999,2.4283001,0.13310027,0.13310027
2024-02-17,2.4301114,2.446862,0.016750574,0.016750574
2024-02-18,2.5511072,2.7268448,0.17573762,0.17573762
2024-02-19,3.0615792,2.952836,-0.10874319,0.10874319
2024-02-20,3.2658718,3.5991542,0.33328247,0.33328247
2024-02-21,3.1611214,3.473452,0.31233072,0.31233072
2024-02-22,3.1338253,3.4264305,0.29260516,0.29260516
2024-02-23,3.6051476,4.0507545,0.44560695,0.44560695
2024-02-24,4.4114122,4.72075,0.30933762,0.30933762
2024-02-25,4.480769,4.3302135,-0.15055561,0.15055561
2024-02-26,4.3348727,4.68366,0.3487873,0.3487873
2024-02-27,3.7694159,3.9561892,0.1867733,0.1867733
2024-02-28,3.4201834,3.5937362,0.17355275,0.17355275
2024-02-29,3.085021,3.1241784,0.03915739,0.03915739
2024-03-01,2.9060757,2.9426384,0.03656268,0.03656268
2024-03-02,2.8841987,3.0454867,0.16128802,0.16128802
2024-03-03,3.1105337,3.2096467,0.09911299,0.09911299
2024-03-04,3.219444,3.1493685,-0.07007551,0.07007551
2024-03-05,3.145202,3.2096696,0.06446767,0.06446767
2024-03-06,2.926849,3.0983794,0.17153049,0.17153049
2024-03-07,2.890493,2.867869,-0.022624016,0.022624016
2024-03-08,2.8582976,2.8777144,0.01941681,0.01941681
2024-03-09,2.7779233,2.8218193,0.04389596,0.04389596
2024-03-10,2.8202112,2.7800477,-0.040163517,0.040163517
2024-03-11,2.8945286,2.848854,-0.045674562,0.045674562
2024-03-12,2.9005625,2.9405098,0.03994727,0.03994727
2024-03-13,2.89808,2.911397,0.01331687,0.01331687
2024-03-14,2.8857584,2.9267147,0.04095626,0.04095626
2024-03-15,2.9539704,2.8989289,-0.05504155,0.05504155
2024-03-16,2.7609084,2.9982243,0.2373159,0.2373159
2024-03-17,2.5763345,2.6774123,0.101077795,0.101077795
2024-03-18,2.442286,2.5159614,0.073675394,0.073675394
2024-03-19,2.3350732,2.3960948,0.061021566,0.061021566
2024-03-20,2.3169832,2.3329394,0.015956163,0.015956163
2024-03-21,2.3659847,2.4259217,0.059937,0.059937
2024-03-22,2.4205596,2.4553475,0.034787893,0.034787893
2024-03-23,2.5116947,2.4955654,-0.016129255,0.016129255
2024-03-24,3.0697198,2.7532332,-0.3164866,0.3164866
2024-03-25,3.1389604,3.4305005,0.29154015,0.29154015
2024-03-26,3.23703,3.116866,-0.12016392,0.12016392
2024-03-27,3.0013728,3.3827605,0.3813877,0.3813877
2024-03-28,3.1327143,2.878422,-0.25429225,0.25429225
2024-03-29,3.0280752,3.2146547,0.18657947,0.18657947
2024-03-30,2.9557126,2.9305654,-0.0251472,0.0251472
2024-03-31,2.8980837,3.0535064,0.15542269,0.15542269
2024-04-01,2.8007119,2.9148798,0.11416793,0.11416793
2024-04-02,2.8868713,2.7956805,-0.091190815,0.091190815
2024-04-03,2.9024403,2.933531,0.031090736,0.031090736
2024-04-04,2.8510141,3.0021737,0.15115952,0.15115952
2024-04-05,2.655022,2.8521957,0.19717383,0.19717383
2024-04-06,2.5936346,2.63518,0.04154539,0.04154539
2024-04-07,2.4926949,2.5855365,0.092841625,0.092841625
2024-04-08,2.4525726,2.4702983,0.017725706,0.017725706
2024-04-09,2.3126729,2.4066508,0.09397793,0.09397793
2024-04-10,2.2590184,2.3003902,0.041371822,0.041371822
2024-04-11,2.2316034,2.309552,0.07794857,0.07794857
2024-04-12,2.2719345,2.2521954,-0.019739151,0.019739151
2024-04-13,2.2139933,2.2616248,0.047631502,0.047631502
2024-04-14,2.1769104,2.2809143,0.104003906,0.104003906
2024-04-15,2.1837542,2.2627156,0.07896137,0.07896137
2024-04-16,2.2006466,2.2283583,0.02771163,0.02771163
2024-04-17,2.1466124,2.2247822,0.07816982,0.07816982
2024-04-18,2.0888698,2.1400056,0.05113578,0.05113578
2024-04-19,2.1382763,2.0729427,-0.065333605,0.065333605
2024-04-20,2.1599205,2.1254075,-0.034512997,0.034512997
2024-04-21,2.139207,2.1810002,0.041793346,0.041793346
2024-04-22,2.1300924,2.1882637,0.058171272,0.058171272
2024-04-23,2.1624198,2.1291003,-0.033319473,0.033319473
2024-04-24,2.1550891,2.1424983,-0.012590885,0.012590885
2024-04-25,2.145223,2.173015,0.027792215,0.027792215
2024-04-26,2.0706313,2.183297,0.11266565,0.11266565
2024-04-27,2.0366945,2.094302,0.057607412,0.057607412
2024-04-28,2.0457203,2.056339,0.010618687,0.010618687
2024-04-29,1.9964249,2.0664136,0.06998873,0.06998873
2024-04-30,2.008143,1.9997534,-0.008389592,0.008389592
2024-05-01,2.0532978,2.0045393,-0.048758507,0.048758507
2024-05-02,2.0196397,2.048535,0.028895378,0.028895378
2024-05-03,1.9776007,2.0529072,0.075306535,0.075306535
2024-05-04,1.9637052,2.0009837,0.037278533,0.037278533
2024-05-05,1.9677881,2.0395324,0.07174432,0.07174432
2024-05-06,1.9173995,2.0013428,0.08394325,0.08394325
2024-05-07,1.9397075,1.9781878,0.03848028,0.03848028
2024-05-08,1.9641821,1.9753996,0.011217475,0.011217475
2024-05-09,1.9412738,2.0018795,0.060605645,0.060605645
2024-05-10,1.924542,1.9824815,0.05793953,0.05793953
2024-05-11,1.9400034,1.963078,0.023074627,0.023074627
2024-05-12,1.9124401,1.972998,0.06055796,0.06055796
2024-05-13,1.8738241,1.9753284,0.101504326,0.101504326
2024-05-14,1.8778648,1.9093088,0.031443954,0.031443954
2024-05-15,1.8931242,1.9216303,0.02850604,0.02850604
2024-05-16,1.8620934,1.9304569,0.06836343,0.06836343
2024-05-17,1.8443036,1.9011834,0.05687976,0.05687976
2024-05-18,1.836337,1.8701414,0.033804417,0.033804417
2024-05-19,1.8409771,1.8859143,0.044937253,0.044937253
2024-05-20,1.8211836,1.8826444,0.061460853,0.061460853
2024-05-21,1.8197712,1.8721322,0.05236101,0.05236101
2024-05-22,1.810302,1.8529677,0.04266572,0.04266572
2024-05-23,1.8069584,1.8533926,0.046434164,0.046434164
2024-05-24,1.788997,1.8727419,0.08374488,0.08374488
2024-05-25,1.801981,1.8611002,0.059119225,0.059119225
2024-05-26,1.8020029,1.8400036,0.038000703,0.038000703
2024-05-27,1.7988605,1.835162,0.036301494,0.036301494
2024-05-28,1.7871661,1.8565123,0.06934619,0.06934619
2024-05-29,1.7804822,1.855936,0.07545388,0.07545388
2024-05-30,1.8038453,1.8614713,0.05762601,0.05762601
2024-05-31,1.7856476,1.8873959,0.10174823,0.10174823
2024-06-01,1.7853117,1.8386784,0.05336666,0.05336666
2024-06-02,1.8022729,1.8125283,0.010255337,0.010255337
2024-06-03,1.8083097,1.8576005,0.049290776,0.049290776
2024-06-04,1.7941433,1.8582612,0.06411791,0.06411791
2024-06-05,1.779973,1.8638884,0.08391535,0.08391535
2024-06-06,1.7528279,1.8566818,0.10385394,0.10385394
2024-06-07,1.7595768,1.8304083,0.07083154,0.07083154
2024-06-08,1.7634289,1.8068373,0.043408394,0.043408394
2024-06-09,1.7681346,1.7986816,0.030547023,0.030547023
2024-06-10,1.7598871,1.8205042,0.06061709,0.06061709
2024-06-11,1.7512333,1.8210261,0.06979275,0.06979275
2024-06-12,1.7511135,1.7855874,0.034473896,0.034473896
2024-06-13,1.7663236,1.7694215,0.0030978918,0.0030978918
2024-06-14,1.7614486,1.7856799,0.024231315,0.024231315
2024-06-15,1.7417952,1.7936041,0.051808953,0.051808953
2024-06-16,1.7357395,1.7866501,0.050910592,0.050910592
2024-06-17,1.7185503,1.7974001,0.07884979,0.07884979
2024-06-18,1.7024182,1.7650487,0.062630534,0.062630534
2024-06-19,1.7026788,1.7696756,0.06699681,0.06699681
2024-06-20,1.7181942,1.760248,0.0420537,0.0420537
2024-06-21,1.7171214,1.7846603,0.06753898,0.06753898
2024-06-22,1.6996686,1.7851334,0.085464716,0.085464716
2024-06-23,1.6862633,1.7774696,0.09120631,0.09120631
2024-06-24,1.6902429,1.7465757,0.056332827,0.056332827
2024-06-25,1.6907526,1.7544318,0.06367922,0.06367922
2024-06-26,1.7511867,1.7510804,-0.000106334686,0.000106334686
2024-06-27,1.735272,1.7891257,0.05385363,0.05385363
2024-06-28,1.7082055,1.7720568,0.06385136,0.06385136
2024-06-29,1.6925775,1.7722261,0.079648614,0.079648614
2024-06-30,1.6886158,1.7399018,0.051285982,0.051285982
2024-07-01,1.6807224,1.7602607,0.079538345,0.079538345
2024-07-02,1.670485,1.746604,0.076118946,0.076118946
2024-07-03,1.6504159,1.72425,0.07383406,0.07383406
2024-07-04,1.6136515,1.709411,0.09575951,0.09575951
2024-07-05,1.6231066,1.6853659,0.062259316,0.062259316
2024-07-06,1.6589315,1.6866221,0.027690649,0.027690649
2024-07-07,1.6725616,1.7013074,0.02874577,0.02874577
2024-07-08,1.6594661,1.7157658,0.056299686,0.056299686
2024-07-09,1.6703913,1.7046368,0.03424549,0.03424549
2024-07-10,1.6750247,1.7164195,0.04139471,0.04139471
2024-07-11,1.6829722,1.7289377,0.045965552,0.045965552
2024-07-12,1.6455517,1.7386725,0.09312081,0.09312081
2024-07-13,1.6114854,1.7145336,0.103048205,0.103048205
2024-07-14,1.6124463,1.6871986,0.07475233,0.07475233
2024-07-15,1.630967,1.6754792,0.044512153,0.044512153
2024-07-16,1.6109109,1.6825345,0.071623564,0.071623564
2024-07-17,1.5910051,1.6645125,0.07350743,0.07350743
2024-07-18,1.5995233,1.6524026,0.052879333,0.052879333
2024-07-19,1.5998505,1.6467283,0.04687774,0.04687774
2024-07-20,1.5859798,1.6573479,0.0713681,0.0713681
2024-07-21,1.6074713,1.6465808,0.03910947,0.03910947
2024-07-22,1.6630065,1.6506003,-0.01240623,0.01240623
2024-07-23,1.6352803,1.6758385,0.04055822,0.04055822
2024-07-24,1.6175336,1.6730175,0.055483937,0.055483937
2024-07-25,1.6192288,1.6546035,0.03537464,0.03537464
2024-07-26,1.6080617,1.6530328,0.04497111,0.04497111
2024-07-27,1.5581385,1.6501749,0.09203637,0.09203637
2024-07-28,1.5725496,1.6210676,0.04851806,0.04851806
2024-07-29,1.6044631,1.6266644,0.0222013,0.0222013
2024-07-30,1.6205366,1.6381521,0.017615557,0.017615557
2024-07-31,1.5837873,1.6671013,0.08331394,0.08331394
2024-08-01,1.5849375,1.6357067,0.05076921,0.05076921
2024-08-02,1.6008449,1.6436015,0.042756677,0.042756677
2024-08-03,1.6107802,1.6531744,0.04239416,0.04239416
2024-08-04,1.5527682,1.6551299,0.10236168,0.10236168
2024-08-05,1.5407964,1.6421785,0.10138214,0.10138214
2024-08-06,1.5778972,1.6312816,0.053384423,0.053384423
2024-08-07,1.5676033,1.6525645,0.084961176,0.084961176
2024-08-08,1.5775614,1.6415151,0.06395376,0.06395376
2024-08-09,1.5747048,1.6414093,0.06670451,0.06670451
2024-08-10,1.5854803,1.6480556,0.06257522,0.06257522
2024-08-11,1.5764216,1.65709,0.08066833,0.08066833
2024-08-12,1.5711584,1.6430113,0.07185292,0.07185292
2024-08-13,1.5551013,1.6314807,0.07637942,0.07637942
2024-08-14,1.5371288,1.6176114,0.0804826,0.0804826
2024-08-15,1.5124563,1.6073536,0.09489727,0.09489727
2024-08-16,1.4920583,1.5892019,0.09714365,0.09714365
2024-08-17,1.4916003,1.5763298,0.08472955,0.08472955
2024-08-18,1.4874864,1.5729724,0.085486054,0.085486054
2024-08-19,1.492445,1.5558764,0.06343138,0.06343138
2024-08-20,1.5121065,1.5701419,0.058035374,0.058035374
2024-08-21,1.5084845,1.5778931,0.069408655,0.069408655
2024-08-22,1.5026952,1.5772276,0.07453239,0.07453239
2024-08-23,1.4969381,1.5707237,0.07378554,0.07378554
2024-08-24,1.4753013,1.567433,0.092131734,0.092131734
2024-08-25,1.4527968,1.554726,0.10192919,0.10192919
2024-08-26,1.4470301,1.5411234,0.09409332,0.09409332
2024-08-27,1.483307,1.5330697,0.049762726,0.049762726
2024-08-28,1.444054,1.5437372,0.099683166,0.099683166
2024-08-29,1.4384017,1.5310402,0.09263849,0.09263849
2024-08-30,1.453889,1.5326885,0.078799486,0.078799486
2024-08-31,1.4750252,1.5445284,0.06950319,0.06950319
2024-09-01,1.4841123,1.5621426,0.07803035,0.07803035
2024-09-02,1.4920102,1.5700678,0.07805753,0.07805753
2024-09-03,1.4793556,1.5470575,0.067701936,0.067701936
2024-09-04,1.436092,1.5422024,0.106110334,0.106110334
2024-09-05,1.4316754,1.5162143,0.08453882,0.08453882
2024-09-06,1.4443312,1.5234857,0.07915449,0.07915449
2024-09-07,1.4555932,1.5166876,0.061094403,0.061094403
2024-09-08,1.439309,1.5191121,0.07980311,0.07980311
2024-09-09,1.4177698,1.5083066,0.09053683,0.09053683
2024-09-10,1.4221057,1.5027392,0.08063352,0.08063352
2024-09-11,1.4168804,1.5903505,0.17347014,0.17347014
2024-09-12,1.4377311,1.5060724,0.068341255,0.068341255
2024-09-13,1.414949,1.5232692,0.10832012,0.10832012
2024-09-14,1.4136773,1.545069,0.13139164,0.13139164
2024-09-15,1.4281859,1.5485843,0.1203984,0.1203984
2024-09-16,1.4153872,1.5291654,0.11377823,0.11377823
2024-09-17,1.405901,1.5050888,0.09918785,0.09918785
2024-09-18,1.3922721,1.4946684,0.10239625,0.10239625
2024-09-19,1.3885678,1.4801462,0.091578364,0.091578364
2024-09-20,1.3736836,1.485813,0.11212945,0.11212945
2024-09-21,1.380763,1.458642,0.07787895,0.07787895
2024-09-22,1.4381862,1.4591916,0.021005392,0.021005392
2024-09-23,1.3731251,1.4771389,0.1040138,0.1040138
2024-09-24,1.3638309,1.4520553,0.08822441,0.08822441
2024-09-25,1.3784913,1.4412777,0.06278646,0.06278646
2024-09-26,1.3777813,1.4449562,0.06717491,0.06717491
2024-09-27,1.3555868,1.4374524,0.08186567,0.08186567
2024-09-28,1.3400421,1.4240177,0.08397555,0.08397555
2024-09-29,1.3593739,1.4134302,0.054056287,0.054056287
2024-09-30,1.4293613,1.431317,0.0019556284,0.0019556284
2024-10-01,1.3973745,1.4848288,0.08745432,0.08745432
2024-10-02,1.3392824,1.4763204,0.13703799,0.13703799
2024-10-03,1.3314979,1.4629631,0.1314652,0.1314652
2024-10-04,1.3357627,1.4579909,0.122228146,0.122228146
2024-10-05,1.3243104,1.475302,0.15099156,0.15099156
2024-10-06,1.309906,1.4848052,0.17489922,0.17489922
2024-10-07,1.3068128,1.4654076,0.15859485,0.15859485
2024-10-08,1.3158867,1.4396505,0.1237638,0.1237638
2024-10-09,1.3471508,1.4418582,0.09470737,0.09470737
2024-10-10,1.3532326,1.4571674,0.103934765,0.103934765
2024-10-11,1.4433854,1.4705077,0.027122378,0.027122378
2024-10-12,1.5253372,1.5192467,-0.006090522,0.006090522
2024-10-13,1.6758546,1.6038973,-0.07195723,0.07195723
2024-10-14,2.263293,1.690047,-0.573246,0.573246
2024-10-15,2.1326528,2.0941398,-0.038512945,0.038512945
2024-10-16,1.9654194,2.036144,0.07072461,0.07072461
2024-10-17,1.8341776,1.9554572,0.1212796,0.1212796
2024-10-18,1.7451875,1.8048099,0.059622407,0.059622407
2024-10-19,1.7100704,1.7540962,0.04402578,0.04402578
2024-10-20,1.6128346,1.7475264,0.13469183,0.13469183
2024-10-21,1.6107609,1.7180873,0.10732639,0.10732639
2024-10-22,1.7433634,1.7775714,0.03420806,0.03420806
2024-10-23,2.037555,1.9060298,-0.13152516,0.13152516
2024-10-24,2.375937,2.1367161,-0.23922086,0.23922086
2024-10-25,2.6008663,2.4073286,-0.19353771,0.19353771
2024-10-26,2.533432,2.5762649,0.04283285,0.04283285
2024-10-27,2.235453,2.5488472,0.3133943,0.3133943
2024-10-28,2.2250836,2.4103267,0.18524313,0.18524313
2024-10-29,2.50757,2.4352176,-0.07235241,0.07235241
2024-10-30,3.152021,2.668028,-0.48399282,0.48399282
2024-10-31,3.1689224,3.2770317,0.108109236,0.108109236
2024-11-01,2.886728,3.253266,0.36653805,0.36653805
2024-11-02,2.8789153,2.9380074,0.059092045,0.059092045
2024-11-03,2.4865787,2.7677143,0.28113556,0.28113556
2024-11-04,2.3356955,2.464312,0.12861657,0.12861657
2024-11-05,2.1698153,2.4042537,0.23443842,0.23443842
2024-11-06,2.105089,2.223042,0.11795306,0.11795306
2024-11-07,2.0218327,2.180598,0.15876532,0.15876532
2024-11-08,1.9419922,2.1075625,0.16557038,0.16557038
2024-11-09,2.107163,2.0483181,-0.058844805,0.058844805
2024-11-10,2.0620008,2.2073667,0.14536595,0.14536595
2024-11-11,2.1807668,2.1564436,-0.024323225,0.024323225
2024-11-12,2.1995227,2.3713233,0.17180061,0.17180061
2024-11-13,2.22136,2.3567312,0.13537121,0.13537121
2024-11-14,2.5533845,2.5309346,-0.02244997,0.02244997
2024-11-15,2.5893881,2.9758983,0.38651013,0.38651013
2024-11-16,2.529591,2.9311042,0.4015131,0.4015131
2024-11-17,2.515342,2.7721164,0.25677443,0.25677443
2024-11-18,2.9638956,2.6920397,-0.27185583,0.27185583
2024-11-19,2.853992,3.3410237,0.4870317,0.4870317
2024-11-20,2.9220915,2.7509458,-0.17114568,0.17114568
2024-11-21,3.0262244,3.107701,0.08147669,0.08147669
2024-11-22,2.7764623,3.0333788,0.25691652,0.25691652
2024-11-23,2.5061448,2.868333,0.36218834,0.36218834
2024-11-24,2.661509,2.6585171,-0.0029919147,0.0029919147
2024-11-25,2.6783493,3.003545,0.3251958,0.3251958
2024-11-26,2.6472435,2.8376327,0.19038916,0.19038916
2024-11-27,2.528462,2.672433,0.14397097,0.14397097
2024-11-28,2.3293896,2.4595668,0.13017726,0.13017726
2024-11-29,2.21066,2.3945992,0.18393922,0.18393922
2024-11-30,2.1583114,2.2416193,0.08330798,0.08330798
2024-12-01,2.0357761,2.2439468,0.20817065,0.20817065
2024-12-02,2.0577013,2.2439063,0.18620491,0.18620491
2024-12-03,2.1310549,2.305314,0.17425919,0.17425919
2024-12-04,2.2747388,2.2380152,-0.036723614,0.036723614
2024-12-05,2.4854524,2.4387774,-0.046674967,0.046674967
2024-12-06,3.0282485,2.6518695,-0.376379,0.376379
2024-12-07,2.945729,3.2853916,0.33966255,0.33966255
2024-12-08,3.130187,2.9070017,-0.2231853,0.2231853
2024-12-09,2.9597647,3.298145,0.33838034,0.33838034
2024-12-10,2.6769364,2.795894,0.11895752,0.11895752
2024-12-11,2.389183,2.7647088,0.3755257,0.3755257
2024-12-12,2.2172878,2.3613653,0.14407754,0.14407754
2024-12-13,2.2437596,2.2791028,0.03534317,0.03534317
2024-12-14,2.426037,2.3021994,-0.12383771,0.12383771
2024-12-15,2.3730323,2.5457559,0.17272353,0.17272353
2024-12-16,2.2809815,2.5506396,0.2696581,0.2696581
2024-12-17,2.352618,2.4324734,0.07985544,0.07985544
2024-12-18,2.6193044,2.5505123,-0.068792105,0.068792105
2024-12-19,3.0907612,2.8739648,-0.2167964,0.2167964
2024-12-20,3.015526,3.2964056,0.2808795,0.2808795
2024-12-21,2.8793142,3.022818,0.1435039,0.1435039
2024-12-22,2.8858953,2.9942625,0.108367205,0.108367205
2024-12-23,2.908598,3.4748127,0.5662148,0.5662148
2024-12-24,2.913462,3.232783,0.31932116,0.31932116
2024-12-25,3.7879922,3.04722,-0.74077225,0.74077225
2024-12-26,4.245238,4.6266007,0.38136292,0.38136292
2024-12-27,3.74692,4.1444583,0.3975382,0.3975382
2024-12-28,3.3180594,3.6960495,0.37799,0.37799
2024-12-29,3.3660614,3.128818,-0.23724341,0.23724341
2024-12-30,3.8771996,3.853427,-0.023772717,0.023772717
2024-12-31,4.3956127,4.201414,-0.19419861,0.19419861
2025-01-01,4.662166,4.4994884,-0.16267776,0.16267776
2025-01-02,4.3207583,4.5154896,0.19473124,0.19473124
2025-01-03,4.1491265,4.1201344,-0.028992176,0.028992176
2025-01-04,4.0351257,3.8383317,-0.19679403,0.19679403
2025-01-05,4.09125,3.9974747,-0.09377527,0.09377527
2025-01-06,4.055006,4.0119495,-0.043056488,0.043056488
2025-01-07,3.812654,3.960781,0.14812708,0.14812708
2025-01-08,4.1345987,3.6705372,-0.4640615,0.4640615
2025-01-09,4.1211276,3.9926932,-0.12843442,0.12843442
2025-01-10,4.1818666,3.8935382,-0.2883284,0.2883284
2025-01-11,4.145924,4.07294,-0.07298422,0.07298422
2025-01-12,4.564823,3.8171637,-0.74765944,0.74765944
2025-01-13,4.7273436,4.330706,-0.39663744,0.39663744
2025-01-14,4.958396,4.6354003,-0.32299566,0.32299566
2025-01-15,4.496905,4.8896213,0.3927164,0.3927164
2025-01-16,4.326049,4.1524725,-0.17357635,0.17357635
2025-01-17,4.032768,3.9394999,-0.09326792,0.09326792
2025-01-18,3.7083867,3.7683787,0.059992075,0.059992075
2025-01-19,3.5928526,3.5763626,-0.016489983,0.016489983
2025-01-20,3.4425445,3.4200933,-0.022451162,0.022451162
2025-01-21,3.2125506,3.2722087,0.05965805,0.05965805
2025-01-22,3.125813,3.0174532,-0.10835981,0.10835981
2025-01-23,2.979025,3.1132824,0.13425756,0.13425756
2025-01-24,2.9135382,3.03312,0.1195817,0.1195817
2025-01-25,2.9753637,2.879574,-0.09578967,0.09578967
2025-01-26,2.8878267,2.9623182,0.0744915,0.0744915
2025-01-27,2.8112464,2.814064,0.0028176308,0.0028176308
2025-01-28,2.656566,2.7207413,0.06417537,0.06417537
2025-01-29,2.629859,2.6024208,-0.027438164,0.027438164
2025-01-30,2.7231107,2.6247756,-0.09833503,0.09833503
2025-01-31,3.056278,2.8424318,-0.2138462,0.2138462
2025-02-01,3.4389043,3.1958919,-0.24301243,0.24301243
2025-02-02,3.6326404,3.547947,-0.08469343,0.08469343
2025-02-03,3.8696382,3.64854,-0.22109818,0.22109818
2025-02-04,3.658109,3.804802,0.14669299,0.14669299
2025-02-05,3.4662123,3.6302638,0.16405153,0.16405153
2025-02-06,3.3474526,3.3117642,-0.0356884,0.0356884
2025-02-07,3.229754,3.238875,0.009120941,0.009120941
2025-02-08,2.9424713,3.2015355,0.2590642,0.2590642
2025-02-09,2.716614,2.8099146,0.09330058,0.09330058
2025-02-10,2.6283886,2.674707,0.046318293,0.046318293
2025-02-11,2.5613163,2.5914834,0.030167103,0.030167103
2025-02-12,2.5800064,2.5405567,-0.03944969,0.03944969
2025-02-13,2.4926999,2.649206,0.15650606,0.15650606
2025-02-14,2.4461071,2.5225875,0.07648039,0.07648039
2025-02-15,2.4227595,2.4500391,0.027279615,0.027279615
2025-02-16,2.422534,2.3876317,-0.034902334,0.034902334
2025-02-17,2.3461041,2.3697805,0.023676395,0.023676395
2025-02-18,2.3437033,2.2992263,-0.044476986,0.044476986
2025-02-19,2.26271,2.3002806,0.037570477,0.037570477
2025-02-20,2.2525554,2.2183087,-0.034246683,0.034246683
2025-02-21,2.2582471,2.2292554,-0.0289917,0.0289917
2025-02-22,2.1729307,2.2336085,0.060677767,0.060677767
2025-02-23,2.1808038,2.1343563,-0.046447515,0.046447515
2025-02-24,2.1814563,2.1641226,-0.017333746,0.017333746
2025-02-25,2.1744092,2.218521,0.044111967,0.044111967
2025-02-26,2.183509,2.2268093,0.04330015,0.04330015
2025-02-27,2.187574,2.2276604,0.040086508,0.040086508
2025-02-28,2.1873672,2.1697867,-0.01758051,0.01758051
2025-03-01,2.1992764,2.2390795,0.039803028,0.039803028
2025-03-02,2.1903193,2.2079384,0.017619133,0.017619133
2025-03-03,2.1747494,2.2627578,0.088008404,0.088008404
2025-03-04,2.144762,2.1739705,0.029208422,0.029208422
2025-03-05,2.0982084,2.2225914,0.12438297,0.12438297
2025-03-06,2.115061,2.1296499,0.014588833,0.014588833
2025-03-07,2.1385877,2.2209275,0.08233976,0.08233976
2025-03-08,2.1224523,2.1416519,0.01919961,0.01919961
2025-03-09,2.061265,2.169305,0.108040094,0.108040094
2025-03-10,1.9949229,2.1166618,0.12173891,0.12173891
2025-03-11,1.9999008,2.0628736,0.062972784,0.062972784
2025-03-12,1.9747337,2.0245411,0.04980743,0.04980743
2025-03-13,1.9576303,2.0111408,0.053510547,0.053510547
2025-03-14,1.9783851,2.0178788,0.03949368,0.03949368
2025-03-15,2.050448,2.0669775,0.01652956,0.01652956
2025-03-16,2.024662,2.125842,0.10118008,0.10118008
2025-03-17,1.9844378,2.0147884,0.030350566,0.030350566
2025-03-18,1.9828726,2.0154452,0.032572627,0.032572627
2025-03-19,2.0099683,2.0340183,0.024049997,0.024049997
2025-03-20,2.08082,2.0492423,-0.031577826,0.031577826
2025-03-21,2.2066896,2.2055962,-0.0010933876,0.0010933876
2025-03-22,2.792916,2.2808855,-0.5120306,0.5120306
2025-03-23,2.6507938,2.9641042,0.31331038,0.31331038
2025-03-24,2.5132072,2.6626105,0.14940333,0.14940333
2025-03-25,2.433243,2.6599796,0.22673655,0.22673655
2025-03-26,2.404963,2.5249279,0.11996484,0.11996484
2025-03-27,2.3598983,2.4615328,0.1016345,0.1016345
2025-03-28,2.5770078,2.456474,-0.120533705,0.120533705
2025-03-29,2.7177231,2.634192,-0.08353114,0.08353114
2025-03-30,2.8162508,2.714746,-0.1015048,0.1015048
2025-03-31,2.6313279,2.797553,0.1662252,0.1662252
2025-04-01,2.4531598,2.532764,0.07960415,0.07960415
2025-04-02,2.2796586,2.3617387,0.082080126,0.082080126
2025-04-03,2.1891773,2.2826343,0.09345698,0.09345698
2025-04-04,2.1990283,2.1737068,-0.025321484,0.025321484
2025-04-05,2.1852007,2.2601535,0.07495284,0.07495284
2025-04-06,2.2172494,2.1880198,-0.029229641,0.029229641
2025-04-07,2.2030656,2.241225,0.03815937,0.03815937
2025-04-08,2.2185676,2.1787384,-0.039829254,0.039829254
2025-04-09,2.3499975,2.2367604,-0.11323714,0.11323714
2025-04-10,2.4060078,2.3495796,-0.056428194,0.056428194
2025-04-11,2.314315,2.421327,0.10701203,0.10701203
2025-04-12,2.2525885,2.335546,0.082957506,0.082957506
2025-04-13,2.2988775,2.2601094,-0.038768053,0.038768053
2025-04-14,2.4107242,2.2886977,-0.12202644,0.12202644
2025-04-15,2.2388036,2.4390414,0.20023775,0.20023775
2025-04-16,2.2750597,2.232563,-0.04249668,0.04249668
2025-04-17,2.1950576,2.2808652,0.08580756,0.08580756
2025-04-18,2.2749736,2.1899314,-0.08504224,0.08504224
2025-04-19,2.4487975,2.3140826,-0.13471484,0.13471484
2025-04-20,2.4125233,2.453294,0.04077077,0.04077077
2025-04-21,2.3489223,2.3848906,0.035968304,0.035968304
2025-04-22,2.6111407,2.358739,-0.25240183,0.25240183
2025-04-23,2.620905,2.621143,0.00023818016,0.00023818016
2025-04-24,2.466903,2.5681543,0.101251364,0.101251364
2025-04-25,2.3983147,2.4294896,0.031174898,0.031174898
2025-04-26,2.3325315,2.350406,0.01787448,0.01787448
2025-04-27,2.2013469,2.2798405,0.078493595,0.078493595
2025-04-28,2.3051903,2.202282,-0.10290837,0.10290837
2025-04-29,2.294104,2.3655431,0.07143903,0.07143903
2025-04-30,2.4429271,2.3662562,-0.076670885,0.076670885
2025-05-01,2.4569576,2.5336893,0.07673168,0.07673168
2025-05-02,2.3984854,2.5622966,0.1638112,0.1638112
2025-05-03,2.287998,2.4534197,0.16542172,0.16542172
2025-05-04,2.221979,2.333765,0.11178613,0.11178613
2025-05-05,2.2024634,2.2073166,0.0048532486,0.0048532486
2025-05-06,2.1592696,2.2251346,0.06586504,0.06586504
2025-05-07,2.0930066,2.2219133,0.12890673,0.12890673
2025-05-08,2.071972,2.1163642,0.044392347,0.044392347
2025-05-09,2.0384715,2.0957956,0.05732417,0.05732417
2025-05-10,2.0371106,2.0611472,0.024036646,0.024036646
2025-05-11,2.030605,2.065933,0.03532791,0.03532791
2025-05-12,2.0111263,2.0345044,0.023378134,0.023378134
2025-05-13,2.0284674,2.0659373,0.037469864,0.037469864
2025-05-14,2.033044,2.082186,0.049141884,0.049141884
2025-05-15,2.0333102,2.095034,0.06172371,0.06172371
2025-05-16,2.013803,2.0667305,0.052927494,0.052927494
2025-05-17,1.9696975,2.029737,0.06003952,0.06003952
2025-05-18,1.9449486,2.004877,0.059928536,0.059928536
2025-05-19,1.8914431,1.9309348,0.039491653,0.039491653
2025-05-20,1.955785,1.9035084,-0.05227661,0.05227661
2025-05-21,1.9581819,1.9719516,0.013769746,0.013769746
2025-05-22,1.9135038,1.9746023,0.061098576,0.061098576
2025-05-23,1.9101369,1.938568,0.028431058,0.028431058
2025-05-24,1.8616146,1.9356793,0.07406473,0.07406473
2025-05-25,1.8718208,1.8884236,0.016602755,0.016602755
2025-05-26,1.8683543,1.9035964,0.03524208,0.03524208
2025-05-27,1.840436,1.8977373,0.057301283,0.057301283
2025-05-28,1.8587717,1.8840374,0.025265694,0.025265694
2025-05-29,1.8406937,1.8919392,0.05124545,0.05124545
2025-05-30,1.8362734,1.8615608,0.02528739,0.02528739
2025-05-31,1.8355836,1.8749448,0.03936124,0.03936124
2025-06-01,1.849339,1.8263909,-0.022948146,0.022948146
2025-06-02,1.8233169,1.8422288,0.018911839,0.018911839
2025-06-03,1.797295,1.8291489,0.031853914,0.031853914
2025-06-04,1.8659378,1.8488666,-0.017071247,0.017071247
2025-06-05,1.8301399,1.8970586,0.06691873,0.06691873
2025-06-06,1.8306527,1.8525149,0.02186215,0.02186215
2025-06-07,1.9065664,1.8334328,-0.07313359,0.07313359
2025-06-08,1.9182289,1.8933818,-0.02484703,0.02484703
2025-06-09,1.9389937,1.9287101,-0.010283589,0.010283589
2025-06-10,1.9429034,1.9532325,0.010329127,0.010329127
2025-06-11,1.8934909,1.9465984,0.0531075,0.0531075
2025-06-12,1.8727852,1.8763471,0.0035618544,0.0035618544
2025-06-13,1.8726848,1.8594123,-0.013272524,0.013272524
2025-06-14,1.8999108,1.880326,-0.019584775,0.019584775
2025-06-15,1.9152458,1.9182506,0.0030047894,0.0030047894
2025-06-16,1.8463428,1.9163043,0.06996155,0.06996155
2025-06-17,1.8357884,1.88106,0.045271635,0.045271635
2025-06-18,1.795684,1.8488011,0.053117156,0.053117156
2025-06-19,1.8155005,1.8193151,0.003814578,0.003814578
2025-06-20,1.780902,1.8252137,0.044311643,0.044311643
2025-06-21,1.7925621,1.8336515,0.041089416,0.041089416
2025-06-22,1.7851126,1.8295475,0.044434905,0.044434905
2025-06-23,1.7658292,1.8263425,0.060513258,0.060513258
2025-06-24,1.7942904,1.8067093,0.012418866,0.012418866
2025-06-25,1.7717144,1.8117008,0.039986372,0.039986372
2025-06-26,1.7472656,1.8049536,0.057687998,0.057687998
2025-06-27,1.7690907,1.7852412,0.016150594,0.016150594
2025-06-28,1.7588942,1.7942828,0.03538859,0.03538859
2025-06-29,1.7501242,1.7745838,0.0244596,0.0244596
2025-06-30,1.7365184,1.7682623,0.031743884,0.031743884
2025-07-01,1.7322788,1.7693381,0.037059307,0.037059307
2025-07-02,1.7299929,1.7606801,0.030687213,0.030687213
2025-07-03,1.7142402,1.7772893,0.06304908,0.06304908
2025-07-04,1.7323468,1.7464094,0.014062643,0.014062643
2025-07-05,1.733974,1.7679796,0.034005642,0.034005642
2025-07-06,1.7066078,1.7768968,0.070289016,0.070289016
2025-07-07,1.744303,1.7586356,0.014332652,0.014332652
2025-07-08,1.7095646,1.7677222,0.058157682,0.058157682
2025-07-09,1.719473,1.7746253,0.055152297,0.055152297
2025-07-10,1.7204504,1.7723011,0.051850677,0.051850677
2025-07-11,1.7341524,1.7696387,0.03548622,0.03548622
2025-07-12,1.7144849,1.7541257,0.039640784,0.039640784
2025-07-13,1.6927675,1.7719456,0.079178095,0.079178095
2025-07-14,1.7146863,1.7629405,0.04825425,0.04825425
2025-07-15,1.7210221,1.7788408,0.05781865,0.05781865
2025-07-16,1.7131644,1.7980537,0.08488929,0.08488929
2025-07-17,1.7005496,1.7735971,0.07304752,0.07304752
2025-07-18,1.729719,1.7371998,0.0074807405,0.0074807405
2025-07-19,1.7100717,1.7671833,0.05711162,0.05711162
2025-07-20,1.639833,1.7686236,0.12879062,0.12879062
2025-07-21,1.6561784,1.723903,0.067724586,0.067724586
2025-07-22,1.6600296,1.718472,0.058442354,0.058442354
2025-07-23,1.6853279,1.7033461,0.018018246,0.018018246
2025-07-24,1.692163,1.7150811,0.022918105,0.022918105
2025-07-25,1.6578404,1.726922,0.069081664,0.069081664
2025-07-26,1.6444807,1.726201,0.08172035,0.08172035
2025-07-27,1.6490154,1.7218665,0.07285106,0.07285106
2025-07-28,1.6294556,1.7282368,0.09878123,0.09878123
2025-07-29,1.6225222,1.7300351,0.10751283,0.10751283
2025-07-30,1.632708,1.7169813,0.08427334,0.08427334
2025-07-31,1.6705041,1.7030978,0.032593727,0.032593727
2025-08-01,1.7101463,1.6961411,-0.014005184,0.014005184
2025-08-02,1.672984,1.7320795,0.059095502,0.059095502
2025-08-03,1.6894299,1.736364,0.046934128,0.046934128
2025-08-04,1.6706282,1.7428573,0.07222915,0.07222915
2025-08-05,1.6535256,1.7328868,0.0793612,0.0793612
2025-08-06,1.6347966,1.71745,0.0826534,0.0826534
2025-08-07,1.6162752,1.6939708,0.07769561,0.07769561
2025-08-08,1.6283864,1.6758809,0.04749453,0.04749453
2025-08-09,1.605571,1.6890516,0.0834806,0.0834806
2025-08-10,1.6084889,1.6880825,0.07959354,0.07959354
2025-08-11,1.6008415,1.6667945,0.06595302,0.06595302
2025-08-12,1.6010103,1.6650645,0.06405413,0.06405413
2025-08-13,1.594665,1.6526339,0.057968855,0.057968855
2025-08-14,1.6093042,1.6449697,0.035665512,0.035665512
2025-08-15,1.6071362,1.6484857,0.04134941,0.04134941
2025-08-16,1.5843962,1.6479177,0.063521504,0.063521504
2025-08-17,1.6246463,1.6342211,0.009574771,0.009574771
2025-08-18,1.5749831,1.6321477,0.05716455,0.05716455
2025-08-19,1.5617992,1.6393986,0.077599406,0.077599406
2025-08-20,1.6137929,1.6228257,0.0090328455,0.0090328455
2025-08-21,1.5695131,1.6411725,0.071659446,0.071659446
2025-08-22,1.5743568,1.6256692,0.051312447,0.051312447
2025-08-23,1.5719899,1.6183822,0.04639232,0.04639232
2025-08-24,1.5501654,1.6141803,0.06401491,0.06401491
2025-08-25,1.5522127,1.6046877,0.052474976,0.052474976
2025-08-26,1.5494307,1.6087706,0.05933988,0.05933988
2025-08-27,1.5423806,1.593457,0.051076412,0.051076412
2025-08-28,1.5267334,1.5754752,0.048741817,0.048741817
2025-08-29,1.5284774,1.5668385,0.038361073,0.038361073
2025-08-30,1.5220137,1.580066,0.0580523,0.0580523
2025-08-31,1.597328,1.5739269,-0.023401022,0.023401022
2025-09-01,1.6041161,1.6351725,0.031056404,0.031056404
2025-09-02,1.5807443,1.6774622,0.09671795,0.09671795
2025-09-03,1.6287513,1.6683271,0.039575815,0.039575815
2025-09-04,1.617347,1.6891934,0.071846366,0.071846366
2025-09-05,1.7295041,1.6839745,-0.045529604,0.045529604
2025-09-06,1.7041333,1.7374258,0.033292532,0.033292532
2025-09-07,1.6963571,1.7490115,0.052654386,0.052654386
2025-09-08,1.6409948,1.7258977,0.08490288,0.08490288
2025-09-09,1.5982221,1.7137582,0.11553609,0.11553609
2025-09-10,1.5804446,1.6637884,0.08334386,0.08334386
2025-09-11,1.570109,1.6289579,0.058848858,0.058848858
2025-09-12,1.559666,1.6174833,0.05781722,0.05781722
2025-09-13,1.5427648,1.5928521,0.050087333,0.050087333
2025-09-14,1.5404125,1.598315,0.057902455,0.057902455
2025-09-15,1.5275041,1.6253979,0.097893834,0.097893834
2025-09-16,1.5267452,1.6030399,0.07629466,0.07629466
2025-09-17,1.5366403,1.5896807,0.053040385,0.053040385
2025-09-18,1.5222436,1.5848281,0.06258452,0.06258452
2025-09-19,1.5266268,1.5790266,0.052399755,0.052399755
2025-09-20,1.5020759,1.6053622,0.10328627,0.10328627
2025-09-21,1.5183218,1.5679789,0.049657106,0.049657106
2025-09-22,1.5076166,1.5745348,0.066918135,0.066918135
2025-09-23,1.512618,1.5700994,0.057481408,0.057481408
2025-09-24,1.5025471,1.5672526,0.06470549,0.06470549
2025-09-25,1.5037006,1.5647695,0.061068892,0.061068892
2025-09-26,1.5153233,1.5886166,0.07329333,0.07329333
2025-09-27,1.540035,1.586234,0.046198964,0.046198964
2025-09-28,1.526149,1.6042204,0.078071356,0.078071356
2025-09-29,1.513329,1.5678012,0.054472208,0.054472208
2025-09-30,1.5365037,1.5930318,0.05652809,0.05652809
2025-10-01,1.5240861,1.5781401,0.05405402,0.05405402
2025-10-02,1.5088314,1.5469853,0.038153887,0.038153887
2025-10-03,1.508648,1.5648999,0.056251884,0.056251884
2025-10-04,1.5102342,1.5557039,0.04546964,0.04546964
2025-10-05,1.4874028,1.5888393,0.101436496,0.101436496
2025-10-06,1.4791803,1.5974172,0.1182369,0.1182369
2025-10-07,1.4725928,1.6047066,0.13211381,0.13211381
2025-10-08,1.4702315,1.6041116,0.13388002,0.13388002
2025-10-09,1.4575937,1.5707935,0.11319983,0.11319983
2025-10-10,1.4619765,1.5684706,0.10649407,0.10649407
2025-10-11,1.4701821,1.5383573,0.0681752,0.0681752
2025-10-12,1.4674203,1.5369684,0.06954801,0.06954801
2025-10-13,1.4595209,1.5202938,0.060772896,0.060772896
2025-10-14,1.4442114,1.5591805,0.114969134,0.114969134
2025-10-15,1.4372569,1.5452055,0.10794854,0.10794854
2025-10-16,1.4815352,1.5860313,0.10449612,0.10449612
2025-10-17,1.548855,1.6312839,0.08242893,0.08242893
2025-10-18,1.5974303,1.6467639,0.049333572,0.049333572
2025-10-19,1.6339276,1.7210634,0.08713579,0.08713579
2025-10-20,1.5974948,1.7392111,0.14171624,0.14171624
2025-10-21,1.603871,1.6892952,0.085424185,0.085424185
2025-10-22,1.6152499,1.717735,0.10248518,0.10248518
2025-10-23,1.5834186,1.6995814,0.11616278,0.11616278
2025-10-24,1.5925579,1.6750098,0.08245194,0.08245194
2025-10-25,1.5449418,1.6182778,0.073336005,0.073336005
2025-10-26,1.50803,1.5717596,0.063729525,0.063729525
2025-10-27,1.4950616,1.5382136,0.043151975,0.043151975
2025-10-28,1.4997953,1.5313035,0.031508207,0.031508207
2025-10-29,1.4831387,1.5370347,0.05389607,0.05389607
2025-10-30,1.4593116,1.5329884,0.073676825,0.073676825
2025-10-31,1.4751194,1.5050832,0.029963851,0.029963851
2025-11-01,1.5120169,1.552598,0.040581107,0.040581107
2025-11-02,1.4685917,1.5938878,0.12529612,0.12529612
2025-11-03,1.5008202,1.6311154,0.13029528,0.13029528
2025-11-04,1.5712748,1.6655874,0.09431267,0.09431267
2025-11-05,1.801274,1.6953442,-0.10592973,0.10592973
2025-11-06,1.8357946,1.8153267,-0.020467877,0.020467877
2025-11-07,1.7861708,1.8956382,0.10946739,0.10946739
2025-11-08,1.8319131,1.8396044,0.007691264,0.007691264
2025-11-09,1.9820771,1.8917856,-0.0902915,0.0902915
2025-11-10,1.951452,2.0243907,0.07293868,0.07293868
2025-11-11,1.9330802,1.9729627,0.03988254,0.03988254
2025-11-12,1.9047718,1.8879565,-0.016815305,0.016815305
2025-11-13,1.9874758,1.8305186,-0.15695715,0.15695715
2025-11-14,2.1788592,1.9314893,-0.24736989,0.24736989
2025-11-15,2.0253072,2.1385977,0.11329055,0.11329055
2025-11-16,1.8084902,1.97794,0.1694498,0.1694498
2025-11-17,1.7284883,1.8142731,0.08578479,0.08578479
2025-11-18,1.674065,1.7277154,0.05365038,0.05365038
2025-11-19,1.6818572,1.7872064,0.10534918,0.10534918
2025-11-20,1.7519696,1.8225203,0.07055068,0.07055068
2025-11-21,1.8197914,1.8611524,0.041360974,0.041360974
2025-11-22,1.7981386,1.8808663,0.08272767,0.08272767
2025-11-23,1.7928677,1.8651022,0.07223451,0.07223451
2025-11-24,1.7393141,1.8331908,0.09387672,0.09387672
2025-11-25,1.6857902,1.8063532,0.12056303,0.12056303
2025-11-26,1.6666616,1.7963487,0.12968707,0.12968707
2025-11-27,1.7094799,1.8068209,0.09734094,0.09734094
2025-11-28,1.7066246,1.830512,0.12388742,0.12388742
2025-11-29,1.725643,1.8620243,0.13638127,0.13638127
2025-11-30,1.6601793,1.8587506,0.19857132,0.19857132
2025-12-01,1.6807376,1.8282456,0.14750803,0.14750803
2025-12-02,1.7460876,1.8555924,0.10950482,0.10950482
2025-12-03,1.7336568,1.9086258,0.17496908,0.17496908
2025-12-04,1.728381,1.8461369,0.11775589,0.11775589
2025-12-05,1.833884,1.7963848,-0.03749919,0.03749919
2025-12-06,1.9881449,1.8474482,-0.14069664,0.14069664
2025-12-07,2.0265749,2.0553484,0.028773546,0.028773546
2025-12-08,2.589234,2.1042483,-0.48498583,0.48498583
2025-12-09,2.5276024,2.7058852,0.17828274,0.17828274
2025-12-10,2.2504437,2.4576054,0.20716166,0.20716166
2025-12-11,2.13206,2.2672117,0.13515162,0.13515162
2025-12-12,2.0307698,2.054323,0.023553133,0.023553133
2025-12-13,2.234311,2.0281248,-0.2061863,0.2061863
2025-12-14,2.2173936,2.2296185,0.012224913,0.012224913
2025-12-15,2.020602,2.2490108,0.22840881,0.22840881
2025-12-16,2.1228423,2.140245,0.017402649,0.017402649
2025-12-17,2.4840667,2.3794339,-0.104632854,0.104632854
2025-12-18,3.2598855,2.9655247,-0.29436088,0.29436088
2025-12-19,3.2654867,3.7766557,0.51116896,0.51116896
2025-12-20,3.534733,3.2731378,-0.26159525,0.26159525
2025-12-21,3.4525359,3.6346407,0.18210483,0.18210483
2025-12-22,3.0617075,3.2105734,0.14886594,0.14886594
2025-12-23,2.7350595,3.1810353,0.44597578,0.44597578
2025-12-24,2.6181211,2.5864384,-0.03168273,0.03168273
2025-12-25,2.6192024,2.5974984,-0.021703959,0.021703959
2025-12-26,2.415328,2.617545,0.20221686,0.20221686
2025-12-27,2.2370036,2.4146123,0.17760873,0.17760873
2025-12-28,2.07496,2.2513897,0.17642975,0.17642975
2025-12-29,2.0293906,2.079569,0.050178528,0.050178528
2025-12-30,1.9384314,2.0397124,0.10128105,0.10128105
2025-12-31,1.8252912,1.9950901,0.16979897,0.16979897
2026-01-01,1.7687685,1.8538177,0.08504915,0.08504915
2026-01-02,1.7714094,1.7787553,0.007345915,0.007345915
2026-01-03,1.8548567,1.8625993,0.007742524,0.007742524
2026-01-04,1.9383042,2.015979,0.077674866,0.077674866
2026-01-05,2.2612915,2.1246138,-0.13667774,0.13667774
2026-01-06,2.458354,2.431972,-0.02638197,0.02638197
2026-01-07,3.042657,2.55184,-0.49081683,0.49081683
2026-01-08,3.636483,3.2425556,-0.39392734,0.39392734
2026-01-09,3.4535503,3.6948857,0.24133539,0.24133539
2026-01-10,3.2012372,3.500267,0.29902983,0.29902983
2026-01-11,2.7335625,3.2258532,0.49229074,0.49229074
2026-01-12,2.4620292,2.6432414,0.18121219,0.18121219
2026-01-13,2.28215,2.5537887,0.27163863,0.27163863
2026-01-14,2.1573365,2.4187083,0.26137185,0.26137185
2026-01-15,2.0338426,2.3123906,0.278548,0.278548
2026-01-16,2.0237699,2.154423,0.13065314,0.13065314
2026-01-17,2.00956,2.1720092,0.16244912,0.16244912
2026-01-18,2.0472136,2.0858114,0.038597822,0.038597822
2026-01-19,2.0574834,2.0841238,0.026640415,0.026640415
2026-01-20,2.0066938,2.0990942,0.09240031,0.09240031
2026-01-21,2.003323,2.1449268,0.14160371,0.14160371
2026-01-22,2.179153,2.3282325,0.14907956,0.14907956
2026-01-23,2.762229,2.8212693,0.059040308,0.059040308
2026-01-24,3.4465096,3.425917,-0.02059269,0.02059269
2026-01-25,4.403621,4.1075716,-0.2960496,0.2960496
2026-01-26,4.7641087,4.565377,-0.19873142,0.19873142
2026-01-27,4.3505445,4.874337,0.52379274,0.52379274
2026-01-28,3.8386095,4.432358,0.59374833,0.59374833
2026-01-29,3.326674,3.6237237,0.29704976,0.29704976
2026-01-30,3.0283973,3.1332576,0.104860306,0.104860306
2026-01-31,2.871724,2.9824018,0.11067796,0.11067796
2026-02-01,2.6781483,3.014594,0.3364458,0.3364458
2026-02-02,2.8578649,2.8980942,0.04022932,0.04022932
2026-02-03,2.6797864,3.0489876,0.36920118,0.36920118
2026-02-04,2.6687768,2.8327966,0.16401982,0.16401982
2026-02-05,2.73285,2.8067293,0.07387924,0.07387924
2026-02-06,3.0960135,2.7712553,-0.3247583,0.3247583
2026-02-07,3.2091084,3.3138013,0.104692936,0.104692936
2026-02-08,3.2466865,3.1594374,-0.08724904,0.08724904
2026-02-09,3.3813906,3.2680354,-0.11335516,0.11335516
2026-02-10,3.6698103,3.3251016,-0.34470868,0.34470868
2026-02-11,3.923958,3.673924,-0.2500341,0.2500341
2026-02-12,4.094402,3.8674955,-0.2269063,0.2269063
2026-02-13,3.73504,3.9396634,0.20462346,0.20462346
2026-02-14,3.3770003,3.4948435,0.11784315,0.11784315
2026-02-15,3.1051486,3.1800227,0.07487416,0.07487416
2026-02-16,2.905948,2.9550905,0.0491426,0.0491426
2026-02-17,2.6820457,2.8344169,0.15237117,0.15237117
2026-02-18,2.6262043,2.654134,0.027929783,0.027929783
2026-02-19,2.5840478,2.731716,0.14766812,0.14766812
2026-02-20,2.4996624,2.6054175,0.10575509,0.10575509
2026-02-21,2.4882064,2.5287495,0.04054308,0.04054308
2026-02-22,2.4400408,2.523515,0.08347416,0.08347416
2026-02-23,2.624902,2.5958583,-0.029043674,0.029043674
2026-02-24,2.6698794,2.8000462,0.13016677,0.13016677
2026-02-25,3.0687864,2.889641,-0.17914534,0.17914534
2026-02-26,3.3822706,3.2831097,-0.09916091,0.09916091
2026-02-27,4.0673175,3.4957192,-0.5715983,0.5715983
2026-02-28,4.140363,4.489317,0.34895372,0.34895372
2026-03-01,3.9680235,3.9944732,0.02644968,0.02644968
2026-03-02,4.2076054,4.3760743,0.16846895,0.16846895
2026-03-03,4.168863,4.203608,0.034745216,0.034745216
2026-03-04,3.5989873,4.0896983,0.49071097,0.49071097
2026-03-05,3.1724646,3.5026398,0.33017516,0.33017516
2026-03-06,2.9213939,2.9478836,0.026489735,0.026489735
2026-03-07,2.8988929,2.9168694,0.017976522,0.017976522
2026-03-08,2.8539171,2.972927,0.11900997,0.11900997
2026-03-09,2.7927017,2.90808,0.11537838,0.11537838
2026-03-10,2.848756,2.9262676,0.07751155,0.07751155
2026-03-11,2.8986373,2.969987,0.07134962,0.07134962
2026-03-12,2.9868362,2.9759965,-0.010839701,0.010839701
2026-03-13,3.4723146,3.1259851,-0.34632945,0.34632945
2026-03-14,3.5238373,3.6922169,0.16837955,0.16837955
2026-03-15,3.6310413,3.5640714,-0.06696987,0.06696987
2026-03-16,4.340227,3.8027365,-0.5374906,0.5374906
2026-03-17,4.133842,4.240624,0.10678196,0.10678196
2026-03-18,3.7398202,3.9154472,0.175627,0.175627
2026-03-19,3.1946793,3.653046,0.45836663,0.45836663
2026-03-20,2.971323,3.0543485,0.083025455,0.083025455
